id;media_kind;is_primary;caption;created_date;last_modified_date;created_by;last_modified_by
1;VIDEO;true;around;2025-10-09T08:32:03;2025-10-09T05:10:48;newsprint ouch below;what jovially
2;DOCUMENT;true;now warming scaly;2025-10-09T05:57:30;2025-10-08T20:40:10;arrogantly unripe tackle;underneath
3;VIDEO;false;yuck;2025-10-08T16:49:56;2025-10-09T08:09:45;truly;rudely twist
4;DOCUMENT;true;mom switch pack;2025-10-09T02:57:21;2025-10-09T00:55:07;till;markup zowie
5;IMAGE;false;yahoo or;2025-10-09T06:33:33;2025-10-08T12:27:56;burly remand;gee supposing although
6;DOCUMENT;true;eventually nauseate;2025-10-09T11:01:40;2025-10-09T06:00:36;than;communicate
7;IMAGE;true;fit enlightened;2025-10-08T19:27:41;2025-10-09T01:13:20;engender lest synergy;hunt yahoo hoick
8;VIDEO;false;finally hotfoot;2025-10-08T23:10:44;2025-10-09T06:25:23;junior;overplay
9;DOCUMENT;true;down ouch solvency;2025-10-08T15:28:50;2025-10-09T08:52:54;finally sans westernize;yogurt voluminous what
10;IMAGE;false;intend;2025-10-08T23:52:43;2025-10-09T02:21:30;gosh unethically plugin;before kinase
